文件名,时间戳,实体类型,实体类型Jaccard系数,关系类型,关系类型Jaccard系数
一叶萩 Yiyeqiu.txt,2025-05-23 21:44:46,属、文献、疾病、科、药物类型、药用植物、药用部位,0.0,中药名、属于属、属于科、文献记载、治疗、药用部位,0.0
一把伞南星 Yibasannanxing.txt,2025-05-23 21:45:16,属、文献、疾病、科、药物类型、药用植物、药用部位,1.0,中药名、属于属、属于科、文献记载、治疗、药用部位,1.0
一枝黄花 Yizhihuanghua.txt,2025-05-23 21:45:50,属、文献、疾病、科、药物类型、药用植物、药用部位,1.0,中药名、属于属、属于科、文献记载、治疗、药用部位,1.0
一点红 Yidianhong.txt,2025-05-23 21:46:13,属、文献、疾病、科、药用植物、药用部位,0.8571428571428571,中药名、属于属、属于科、文献记载、治疗、药用部位,1.0
丁香 Dingxiang.txt,2025-05-23 21:46:40,属、文献、疾病、科、药物类型、药用植物、药用部位,1.0,中药名、属于属、属于科、文献记载、治疗、药用部位,1.0
七叶一枝花 Qiyeyizhihua.txt,2025-05-23 21:46:57,属、文献、疾病、科、药物类型、药用植物、药用部位,1.0,中药名、属于属、属于科、文献记载、治疗、药用部位,1.0
七叶树 Qiyeshu.txt,2025-05-23 21:47:25,属、文献、疾病、科、药物类型、药用植物、药用部位,1.0,中药名、属于属、属于科、文献记载、治疗、药用部位,1.0
万寿竹 Wanshouzhu.txt,2025-05-23 21:47:48,属、文献、疾病、科、药物类型、药用植物、药用部位,1.0,中药名、属于属、属于科、文献记载、治疗、药用部位,1.0
万寿菊 Wanshouju.txt,2025-05-23 21:48:08,属、文献、疾病、科、药物类型、药用植物、药用部位,1.0,中药名、属于属、属于科、文献记载、治疗、药用部位,1.0
万年青 Wannianqing.txt,2025-05-23 21:48:35,属、文献、疾病、科、药物类型、药用植物、药用部位,1.0,中药名、属于属、属于科、文献记载、治疗、药用部位,1.0
三分三 Sanfensan.txt,2025-05-23 21:48:59,属、文献、疾病、科、药用植物、药用部位,0.8571428571428571,中药名、属于属、属于科、文献记载、治疗、药用部位,1.0
三叉苦 Sanchaku.txt,2025-05-23 21:49:26,中药名、属、文献、疾病、科、药用植物、药用部位,0.75,中药名、属于属、属于科、文献记载、治疗、药用部位,1.0
三叶木通 Sanyemutong.txt,2025-05-23 21:50:19,中药名、属、文献、疾病、科、药用植物、药用部位,0.875,中药名、属于属、属于科、文献记载、治疗、药用部位,1.0
三白草 Sanbaicao.txt,2025-05-23 21:50:37,属、文献、疾病、科、药用植物、药用部位,0.75,属于属、属于科、文献记载、治疗、药用部位,0.8333333333333334
三角叶黄连 Sanjiaoyehuanglian.txt,2025-05-23 21:51:02,中药名、属、文献、疾病、科、药用植物、药用部位,0.875,中药名、属于属、属于科、文献记载、治疗、药用部位,1.0
丝棉木 Simianmu.txt,2025-05-23 21:51:40,中药名、属、文献、疾病、科、药用植物、药用部位,0.875,中药名、属于属、属于科、文献记载、治疗、药用部位,1.0
丝瓜 Sigua.txt,2025-05-23 21:52:10,中药名、属、文献、疾病、科、药用植物、药用部位,0.875,中药名、属于属、属于科、文献记载、治疗、药用部位,1.0
两面针 Liangmainzhen.txt,2025-05-23 21:52:31,属、文献、疾病、科、药物类型、药用植物、药用部位,0.875,中药名、属于属、属于科、文献记载、治疗、药用部位,1.0
中华猕猴桃 Zhonghuamihoutao.txt,2025-05-23 21:53:13,中药名、属、文献、疾病、科、药用植物、药用部位,0.875,中药名、属于属、属于科、文献记载、治疗、药用部位,1.0
中国无忧花 Zhongguowuyouhua.txt,2025-05-23 21:53:37,中药名、属、文献、疾病、科、药物类型、药用植物、药用部位,1.0,中药名、属于属、属于科、文献记载、治疗、药用部位,1.0
中国沙棘 Zhongguoshaji.txt,2025-05-23 21:53:57,中药名、属、文献、疾病、科、药用植物、药用部位,0.875,中药名、属于属、属于科、文献记载、治疗、药用部位,1.0
中麻黄 Zhongmahuang.txt,2025-05-23 21:54:25,中药名、属、文献、疾病、科、药用植物、药用部位,0.875,中药名、属于属、属于科、文献记载、治疗、药用部位,1.0
丹参 Danshen.txt,2025-05-23 21:54:52,中药名、属、文献、疾病、科、药用植物、药用部位,0.875,中药名、属于属、属于科、文献记载、治疗、药用部位,1.0
乌头 Chuanwutou.txt,2025-05-23 21:55:16,中药名、属、文献、疾病、科、药用植物、药用部位,0.875,中药名、属于属、属于科、文献记载、治疗、药用部位,1.0
乌头叶蛇葡萄 Wutouyesheputao.txt,2025-05-23 21:55:33,中药名、属、文献、疾病、科、药用植物、药用部位,0.875,中药名、属于属、属于科、文献记载、治疗、药用部位,1.0
乌桕 Wujiu.txt,2025-05-23 21:56:05,中药名、属、文献、疾病、科、药用植物、药用部位,0.875,中药名、属于属、属于科、文献记载、治疗、药用部位,1.0
乌毛蕨 Wumaojue.txt,2025-05-23 21:56:28,中药名、属、文献、疾病、科、药用植物、药用部位,0.875,中药名、属于属、属于科、文献记载、治疗、药用部位,1.0
乌药 Wuyao.txt,2025-05-23 21:57:10,中药名、属、文献、疾病、科、药物类型、药用植物、药用部位,1.0,中药名、属于属、属于科、文献记载、治疗、药用部位,1.0
乌蔹莓 Wulianmei.txt,2025-05-23 21:57:39,中药名、属、文献、疾病、科、药用植物、药用部位,0.875,中药名、属于属、属于科、文献记载、治疗、药用部位,1.0
乌蕨 Wujue.txt,2025-05-23 21:58:06,中药名、属、文献、疾病、科、药用植物、药用部位,0.875,中药名、属于属、属于科、文献记载、治疗、药用部位,1.0
九头狮子草 Jiutoushizhicao.txt,2025-05-23 21:58:29,中药名、属、文献、疾病、科、药用植物、药用部位,0.875,中药名、属于属、属于科、文献记载、治疗、药用部位,1.0
九里香 Jiulixiang.txt,2025-05-23 21:58:51,中药名、属、文献、疾病、科、药用植物、药用部位,0.875,中药名、属于属、属于科、文献记载、治疗、药用部位,1.0
买麻藤 Maimateng.txt,2025-05-23 21:59:07,属、文献、疾病、科、药用植物、药用部位,0.75,属于属、属于科、文献记载、治疗、药用部位,0.8333333333333334
了哥王 Liaogewang.txt,2025-05-23 21:59:39,中药名、属、文献、疾病、科、药物类型、药用植物、药用部位,1.0,中药名、属于属、属于科、文献记载、治疗、药用部位,1.0
二色补血草 Ersebuxuecao.txt,2025-05-23 22:00:01,中药名、属、文献、疾病、科、药用植物、药用部位,0.875,中药名、属于属、属于科、文献记载、治疗、药用部位,1.0
云南重楼 Chonglong.txt,2025-05-23 22:00:21,中药名、属、文献、疾病、科、药用植物、药用部位,0.875,中药名、属于属、属于科、文献记载、治疗、药用部位,1.0
云木香 Yunmuxiang.txt,2025-05-23 22:00:43,中药名、属、文献、疾病、科、药用植物、药用部位,0.875,中药名、属于属、属于科、文献记载、治疗、药用部位,1.0
五味子 Wuweizi.txt,2025-05-23 22:01:09,中药名、属、文献、疾病、科、药用植物、药用部位,0.875,中药名、属于属、属于科、文献记载、治疗、药用部位,1.0
五爪金龙 Wuzhaojinlong.txt,2025-05-23 22:01:31,中药名、属、文献、疾病、科、药用植物、药用部位,0.875,中药名、属于属、属于科、文献记载、治疗、药用部位,1.0
五色梅 Wusemei.txt,2025-05-23 22:02:17,中药名、属、文献、疾病、科、药物类型、药用植物、药用部位,1.0,中药名、属于属、属于科、文献记载、治疗、药用部位,1.0
亚麻 Yama.txt,2025-05-23 22:02:46,中药名、属、文献、疾病、科、药用植物、药用部位,0.875,中药名、属于属、属于科、文献记载、治疗、药用部位,1.0
人参 Renshen.txt,2025-05-23 22:03:22,中药名、属、文献、疾病、科、药用植物、药用部位,0.875,中药名、属于属、属于科、文献记载、治疗、药用部位,1.0
人面子 Renmianzi.txt,2025-05-23 22:03:51,中药名、属、文献、疾病、科、药用植物、药用部位,0.875,中药名、属于属、属于科、文献记载、治疗、药用部位,1.0
仙人掌 Xianrenzhang.txt,2025-05-23 22:04:14,中药名、属、文献、疾病、科、药用植物、药用部位,0.875,中药名、属于属、属于科、文献记载、治疗、药用部位,1.0
仙茅 Xianmao.txt,2025-05-23 22:04:42,中药名、属、文献、疾病、科、药用植物、药用部位,0.875,中药名、属于属、属于科、文献记载、治疗、药用部位,1.0
代代花 Daidaihua.txt,2025-05-23 22:05:03,中药名、属、文献、疾病、科、药用植物、药用部位,0.875,中药名、属于属、属于科、文献记载、治疗、药用部位,1.0
仪花 Yihua.txt,2025-05-23 22:05:26,中药名、属、文献、疾病、科、药用植物、药用部位,0.875,中药名、属于属、属于科、文献记载、治疗、药用部位,1.0
伏生紫堇 Fushengzijin.txt,2025-05-23 22:05:48,中药名、属、文献、疾病、科、药物类型、药用植物、药用部位,1.0,中药名、属于属、属于科、文献记载、治疗、药用部位,1.0
伏石蕨 Fushijue.txt,2025-05-23 22:06:12,中药名、属、文献、疾病、科、药用植物、药用部位,0.875,中药名、属于属、属于科、文献记载、治疗、药用部位,1.0
伞房花耳草 Sanfanghuaercao.txt,2025-05-23 22:06:32,中药名、属、文献、疾病、科、药用植物、药用部位,0.875,中药名、属于属、属于科、文献记载、治疗、药用部位,1.0
何首乌 Heshouwu.txt,2025-05-23 22:07:04,中药名、属、文献、疾病、科、药用植物、药用部位,0.875,中药名、属于属、属于科、文献记载、治疗、药用部位,1.0
余甘子 Yuganzi.txt,2025-05-23 22:07:30,中药名、属、文献、疾病、科、药用植物、药用部位,0.875,中药名、属于属、属于科、文献记载、治疗、药用部位,1.0
佛手 Foshou.txt,2025-05-23 22:07:58,中药名、属、文献、疾病、科、药用植物、药用部位,0.875,中药名、属于属、属于科、文献记载、治疗、药用部位,1.0
佛甲草 Fojiacao.txt,2025-05-23 22:08:25,中药名、属、文献、疾病、科、药用植物、药用部位,0.875,中药名、属于属、属于科、文献记载、治疗、药用部位,1.0
佛肚树 Fodushu.txt,2025-05-23 22:08:57,中药名、属、文献、疾病、科、药用植物、药用部位,0.875,中药名、属于属、属于科、文献记载、治疗、药用部位,1.0
佩兰 Peilian.txt,2025-05-23 22:09:23,中药名、属、文献、疾病、科、药用植物、药用部位,0.875,中药名、属于属、属于科、文献记载、治疗、药用部位,1.0
使君子 Shijuzi.txt,2025-05-23 22:09:48,中药名、属、文献、疾病、科、药用植物、药用部位,0.875,中药名、属于属、属于科、文献记载、治疗、药用部位,1.0
侧柏 Cebai.txt,2025-05-23 22:10:14,中药名、属、文献、疾病、科、药用植物、药用部位,0.875,中药名、属于属、属于科、文献记载、治疗、药用部位,1.0
倒地铃 Daodiling.txt,2025-05-23 22:10:36,中药名、属、文献、疾病、科、药物类型、药用植物、药用部位,1.0,中药名、属于属、属于科、文献记载、治疗、药用部位,1.0
倒提壶 Daotihu.txt,2025-05-23 22:11:00,中药名、属、文献、疾病、科、药用植物、药用部位,0.875,中药名、属于属、属于科、文献记载、治疗、药用部位,1.0
假地豆 Jiadidou.txt,2025-05-23 22:11:23,中药名、属、文献、疾病、科、药用植物、药用部位,0.875,中药名、属于属、属于科、文献记载、治疗、药用部位,1.0
假蒟 Jiaju.txt,2025-05-23 22:12:05,中药名、属、文献、疾病、科、药用植物、药用部位,0.875,中药名、属于属、属于科、文献记载、治疗、药用部位,1.0
假连翘 Jialianqiao.txt,2025-05-23 22:12:31,中药名、属、文献、疾病、科、药用植物、药用部位,0.875,中药名、属于属、属于科、文献记载、治疗、药用部位,1.0
光叶海桐 Guangyehaitong.txt,2025-05-23 22:13:25,中药名、属、文献、疾病、科、药用植物、药用部位,0.875,中药名、属于属、属于科、文献记载、治疗、药用部位,1.0
兔儿伞 Tuersan.txt,2025-05-23 22:13:53,中药名、属、文献、疾病、科、药用植物、药用部位,0.875,中药名、属于属、属于科、文献记载、治疗、药用部位,1.0
党参 Dangshen.txt,2025-05-23 22:14:19,中药名、属、文献、疾病、科、药用植物、药用部位,0.875,中药名、属于属、属于科、文献记载、治疗、药用部位,1.0
八角枫 Bajiaofeng.txt,2025-05-23 22:14:47,中药名、属、文献、疾病、科、药用植物、药用部位,0.875,中药名、属于属、属于科、文献记载、治疗、药用部位,1.0
八角茴香 Bajiaohuixiang.txt,2025-05-23 22:15:10,中药名、属、文献、疾病、科、药用植物、药用部位,0.875,中药名、属于属、属于科、文献记载、治疗、药用部位,1.0
八角金盘 Bajiaojinpan.txt,2025-05-23 22:15:39,中药名、属、文献、疾病、科、药用植物、药用部位,0.875,中药名、属于属、属于科、文献记载、治疗、药用部位,1.0
六棱菊 Liulengju.txt,2025-05-23 22:16:06,中药名、属、文献、疾病、科、药用植物、药用部位,0.875,中药名、属于属、属于科、文献记载、治疗、药用部位,1.0
兰香草 Lanxiangcao.txt,2025-05-23 22:16:25,中药名、属、文献、疾病、科、药用植物、药用部位,0.875,中药名、属于属、属于科、文献记载、治疗、药用部位,1.0
兴安升麻 Xinganshengma.txt,2025-05-23 22:16:46,中药名、属、文献、疾病、科、药用植物、药用部位,0.875,中药名、属于属、属于科、文献记载、治疗、药用部位,1.0
冬瓜 Donggua.txt,2025-05-23 22:17:10,中药名、属、文献、疾病、科、药用植物、药用部位,0.875,中药名、属于属、属于科、文献记载、治疗、药用部位,1.0
冬葵 Dongkui.txt,2025-05-23 22:17:37,中药名、属、文献、疾病、科、药用植物、药用部位,0.875,中药名、属于属、属于科、文献记载、治疗、药用部位,1.0
冬虫夏草菌 Dongchongxiacaojun.txt,2025-05-23 22:18:02,中药名、属、文献、疾病、科、药用植物、药用部位,0.875,中药名、属于属、属于科、文献记载、治疗、药用部位,1.0
决明 Jueming.txt,2025-05-23 22:18:23,中药名、属、文献、疾病、科、药用植物、药用部位,0.875,中药名、属于属、属于科、文献记载、治疗、药用部位,1.0
凉粉草 Liangfencao.txt,2025-05-23 22:18:46,中药名、属、文献、疾病、科、药用植物、药用部位,0.875,中药名、属于属、属于科、文献记载、治疗、药用部位,1.0
凤仙花 Fengxianhua.txt,2025-05-23 22:19:27,中药名、属、文献、疾病、科、药用植物、药用部位,0.875,中药名、属于属、属于科、文献记载、治疗、药用部位,1.0
凤尾草 Fengweicao.txt,2025-05-23 22:19:52,中药名、属、文献、疾病、科、药用植物、药用部位,0.875,中药名、属于属、属于科、文献记载、治疗、药用部位,1.0
凤眼莲 Fengyanlian.txt,2025-05-23 22:20:17,中药名、属、文献、疾病、科、药用植物、药用部位,0.875,中药名、属于属、属于科、文献记载、治疗、药用部位,1.0
凹叶厚朴 AoyeHoupo.txt,2025-05-23 22:20:54,中药名、属、文献、疾病、科、药用植物、药用部位,0.875,中药名、属于属、属于科、文献记载、治疗、药用部位,1.0
刀豆 Daodou.txt,2025-05-23 22:21:12,中药名、属、文献、疾病、科、药用植物、药用部位,0.875,中药名、属于属、属于科、文献记载、治疗、药用部位,1.0
列当 Liedang.txt,2025-05-23 22:21:32,中药名、属、文献、疾病、科、药用植物、药用部位,0.875,中药名、属于属、属于科、文献记载、治疗、药用部位,1.0
刺五加 Ciwujia.txt,2025-05-23 22:21:57,中药名、属、文献、疾病、科、药用植物、药用部位,0.875,中药名、属于属、属于科、文献记载、治疗、药用部位,1.0
刺儿菜 Chiercai.txt,2025-05-23 22:22:22,中药名、属、文献、疾病、科、药用植物、药用部位,0.875,中药名、属于属、属于科、文献记载、治疗、药用部位,1.0
刺果甘草 Ciguogancao.txt,2025-05-23 22:22:47,中药名、属、文献、疾病、科、药用植物、药用部位,0.875,中药名、属于属、属于科、文献记载、治疗、药用部位,1.0
刺桐 Citong.txt,2025-05-23 22:23:27,中药名、属、文献、疾病、科、药用植物、药用部位,0.875,中药名、属于属、属于科、文献记载、治疗、药用部位,1.0
刺梨 Cili.txt,2025-05-23 22:23:43,中药名、属、文献、疾病、科、药用植物、药用部位,0.875,中药名、属于属、属于科、文献记载、治疗、药用部位,1.0
刺楸 Ciqiu.txt,2025-05-23 22:24:14,中药名、属、文献、疾病、科、药用植物、药用部位,0.875,中药名、属于属、属于科、文献记载、治疗、药用部位,1.0
刺芋 Ciyu.txt,2025-05-23 22:24:47,中药名、属、文献、疾病、科、药用植物、药用部位,0.875,中药名、属于属、属于科、文献记载、治疗、药用部位,1.0
刺芫荽 Ciyuansui.txt,2025-05-23 22:25:15,中药名、属、文献、疾病、科、药用植物、药用部位,0.875,中药名、属于属、属于科、文献记载、治疗、药用部位,1.0
刺蒴麻 Cishuoma.txt,2025-05-23 22:25:35,中药名、属、文献、疾病、科、药用植物、药用部位,0.875,中药名、属于属、属于科、文献记载、治疗、药用部位,1.0
剑叶龙血树 Jianyelongxieshu.txt,2025-05-23 22:25:55,中药名、属、文献、疾病、科、药物类型、药用植物、药用部位,1.0,中药名、属于属、属于科、文献记载、治疗、药物类型、药用部位,0.8571428571428571
化州柚 Huazhouyou.txt,2025-05-23 22:26:13,中药名、属、文献、疾病、科、药用植物、药用部位,0.875,中药名、属于属、属于科、文献记载、治疗、药用部位,0.8571428571428571
北乌头 Beiwutou.txt,2025-05-23 22:26:34,中药名、属、疾病、科、药用植物、药用部位,0.75,中药名、属于属、属于科、治疗、药用部位,0.7142857142857143
北沙参 Beishasheng.txt,2025-05-23 22:27:07,中药名、属、文献、疾病、科、药用植物、药用部位,0.875,中药名、属于属、属于科、文献记载、治疗、药用部位,0.8571428571428571
北细辛 Beixixin.txt,2025-05-23 22:27:27,中药名、属、文献、疾病、科、药用植物、药用部位,0.875,中药名、属于属、属于科、文献记载、治疗、药用部位,0.8571428571428571
北苍朮 Beicangzhu.txt,2025-05-23 22:27:56,中药名、属、文献、疾病、科、药用植物、药用部位,0.875,中药名、属于属、属于科、文献记载、治疗、药用部位,0.8571428571428571
北马兜铃 Beimadouling.txt,2025-05-23 22:28:23,中药名、属、文献、疾病、科、药用植物、药用部位,0.875,中药名、属于属、属于科、文献记载、治疗、药用部位,0.8571428571428571
北黄花菜 Beihuanghuacai.txt,2025-05-23 22:28:46,中药名、属、文献、疾病、科、药用植物、药用部位,0.875,中药名、属于属、属于科、文献记载、治疗、药用部位,0.8571428571428571
匙羹藤 Chigengteng.txt,2025-05-23 22:29:13,中药名、属、文献、疾病、科、药用植物、药用部位,0.875,中药名、属于属、属于科、文献记载、治疗、药用部位,0.8571428571428571
千叶蓍 Qianyeshi.txt,2025-05-23 22:29:40,中药名、属、文献、疾病、科、药用植物、药用部位,0.875,中药名、属于属、属于科、文献记载、治疗、药用部位,0.8571428571428571
千屈菜 Qianqucai.txt,2025-05-23 22:30:00,属、文献、疾病、科、药用植物、药用部位,0.75,中药名、属于属、属于科、文献记载、治疗、药用部位,0.8571428571428571
千年健 Qiannianjian.txt,2025-05-23 22:30:26,中药名、属、文献、疾病、科、药物类型、药用植物、药用部位,1.0,中药名、属于属、属于科、文献记载、治疗、药物类型、药用部位,1.0
千日红 Qianrihong.txt,2025-05-23 22:30:48,中药名、属、文献、疾病、科、药用植物、药用部位,0.875,中药名、属于属、属于科、文献记载、治疗、药用部位,0.8571428571428571
千根草 Qiangencao.txt,2025-05-23 22:31:14,中药名、属、文献、疾病、科、药用植物、药用部位,0.875,中药名、属于属、属于科、文献记载、治疗、药用部位,0.8571428571428571
地笋 Disun.txt,2025-05-23 22:31:31,中药名、属、文献、疾病、科、药用植物、药用部位,0.875,中药名、属于属、属于科、文献记载、治疗、药用部位,0.8571428571428571
